nombre;email;telefono;ciudad;empresa;codigo_postal;descripcion
Basil;ac.urna@sodales.ca;(675) 397-6541;Stockton-on-Tees;Sem Vitae Foundation;75327;Suspendisse ac metus vitae velit egestas lacinia. Sed congue, elit
Nelle;scelerisque.dui.Suspendisse@neque.net;(279) 889-4164;Dunbar;Cras Eget LLP;354912;tempor, est ac mattis semper, dui lectus
Abra;Duis.sit@Morbi.net;(192) 279-1868;Gorinchem;At Libero Morbi Company;1203;vehicula. Pellentesque
Grace;erat.Etiam.vestibulum@dapibusid.com;(758) 714-0368;Valverde;Urna Nullam Lobortis Company;59615;odio semper cursus. Integer mollis. Integer tincidunt aliquam arcu. Aliquam
Alfreda;lorem.vehicula.et@estvitae.net;(630) 928-5182;Marbaix;Ligula Inc.;603022;montes, nascetur ridiculus mus. Proin vel nisl. Quisque fringilla
Liberty;pede.ac.urna@amet.ca;(497) 218-5842;Hulshout;Purus In Molestie Incorporated;11322;lacus. Cras interdum. Nunc
Zorita;velit@dis.co.uk;(927) 217-3387;Banff;Est Mollis Non PC;61855-211;sit amet, faucibus ut, nulla. Cras eu tellus eu augue
Isabelle;at.egestas.a@nibh.edu;(835) 654-8105;Warisoulx;At Pede Cras Ltd;92543;risus odio, auctor vitae, aliquet nec, imperdiet nec, leo.
Lucy;ipsum@anteipsumprimis.net;(460) 555-8346;Neeroeteren;Consequat Enim Diam Industries;3721WL;Nulla tempor
Kasimir;magna.Ut@luctus.co.uk;(907) 362-7376;Linkhout;Non Massa Non Associates;A4 6IZ;tortor, dictum eu,
Brianna;facilisis@semNullainterdum.com;(883) 706-1661;Liedekerke;Tristique Consulting;70529;nec enim. Nunc ut erat. Sed nunc est, mollis non,
Willa;eu.ultrices.sit@euismodurna.co.uk;(991) 587-5710;San Diego;At Sem Molestie Associates;9831;volutpat. Nulla facilisis. Suspendisse commodo tincidunt nibh. Phasellus nulla.
Kane;faucibus.lectus.a@ligulaconsectetuerrhoncus.edu;(735) 370-4662;Cropalati;Pulvinar Arcu Corporation;51618;pede et risus. Quisque libero
Louis;malesuada.malesuada@etmagnaPraesent.org;(795) 969-4838;Sauvenire;Dolor Fusce Consulting;954621;tristique aliquet. Phasellus
Herman;fames@at.org;(476) 476-0129;Aalbeke;Dis Parturient Montes LLC;153610;consequat nec, mollis vitae, posuere at,
Reece;vestibulum@dignissimpharetraNam.org;(212) 908-0371;León;Nec Ligula Consectetuer Incorporated;L9W 1G0;eleifend non, dapibus rutrum, justo. Praesent luctus. Curabitur
Brooke;et@enim.net;(551) 842-0918;Paraíso;Rutrum Institute;9167;sed, est. Nunc laoreet lectus quis massa. Mauris vestibulum,
Lee;Mauris@idmagnaet.edu;(401) 599-6726;Pumanque;A Corporation;74187;Nunc
Aiko;tortor.nibh@vulputate.co.uk;(890) 349-3917;Cabo de Santo Agostinho;Et Corporation;92073;Fusce dolor quam, elementum at, egestas a,
Savannah;neque.sed@dolorDonecfringilla.edu;(503) 420-2355;Baunatal;Sed Dictum LLC;358777;euismod enim. Etiam gravida molestie arcu. Sed eu nibh vulputate
Rylee;tristique@velvulputateeu.org;(978) 366-3896;Daknam;Massa Lobortis Ultrices LLC;76023;leo. Vivamus nibh dolor, nonummy ac, feugiat non, lobortis
Denton;purus.gravida@ante.edu;(206) 181-0130;Waver;Lectus Industries;191673;in sodales
Aiko;libero.Proin.sed@Classaptenttaciti.ca;(995) 552-1440;Cambridge Bay;Curabitur Sed Tortor Inc.;6615;pede. Nunc sed orci lobortis augue scelerisque mollis. Phasellus libero
Lucy;dolor.tempus.non@euarcuMorbi.co.uk;(118) 601-4629;Nus;Mattis Velit Ltd;11492;sit amet, dapibus id, blandit at,
Nina;nec@NulladignissimMaecenas.ca;(522) 591-9729;Tours;Egestas PC;16179;ornare. In faucibus. Morbi
Zephania;euismod@dapibusrutrum.com;(689) 370-6530;Kooigem;Vehicula Pellentesque Tincidunt Ltd;7443;at arcu. Vestibulum ante ipsum primis in
Danielle;risus.Donec@hendreritconsectetuer.co.uk;(776) 952-8065;HavrŽ;Tincidunt Donec Vitae Inc.;360869;ultricies ornare, elit elit fermentum risus, at fringilla
Janna;Curabitur@Quisque.net;(741) 772-8423;Westmeerbeek;Cras Institute;6652;est, vitae sodales nisi magna sed dui.
Warren;nascetur.ridiculus.mus@cursuspurusNullam.ca;(794) 370-7733;Schwäbisch Gmünd;Vel Est Incorporated;34-459;mus. Proin vel nisl. Quisque fringilla
Forrest;Nunc.quis.arcu@ridiculusmusAenean.co.uk;(304) 686-6190;Omal;Non Magna Limited;58563;sem semper erat, in consectetuer ipsum
Myles;imperdiet.erat@nunc.co.uk;(662) 137-8061;Muradiye;Et Company;Z0B 3DO;lacus. Quisque imperdiet, erat
Erich;dis.parturient.montes@loremegetmollis.com;(592) 644-5581;Barranca;Sed Associates;5098;velit. Aliquam nisl. Nulla eu neque pellentesque massa lobortis ultrices.
Marshall;Phasellus.vitae@enim.com;(799) 431-3252;Kasterlee;Vitae Erat Company;01085-925;pretium
Leonard;eu@Crasvehiculaaliquet.co.uk;(658) 193-6915;Le Puy-en-Velay;Arcu Aliquam Foundation;38252;dignissim lacus. Aliquam rutrum
Emi;justo.nec@sapienimperdiet.edu;(306) 790-4082;Codó;Condimentum Donec At Associates;N0M 2X6;tortor. Integer aliquam adipiscing lacus.
Azalia;Morbi@utmiDuis.net;(348) 280-6316;Shreveport;"Curae; Donec Tincidunt Associates";1131;eros. Nam consequat dolor vitae dolor.
Vivian;tempus.lorem.fringilla@sitametmetus.co.uk;(309) 331-0260;Vorst;Dolor Sit PC;932725;malesuada vel, venenatis vel, faucibus id,
Leandra;Curabitur@nonummy.com;(188) 646-6427;Allentown;Mus Proin Associates;66139;lorem, sit amet ultricies sem magna nec quam. Curabitur
Hiram;vitae.aliquam.eros@Cumsociisnatoque.ca;(939) 306-9968;Gouy-lez-PiŽton;Sed Pharetra Associates;3125;tempus non, lacinia
Thaddeus;dictum.eu@loremDonecelementum.co.uk;(597) 483-2292;Nagarcoil;Et Institute;67-360;Suspendisse non leo. Vivamus nibh dolor, nonummy
Colette;Curabitur.consequat.lectus@nostraperinceptos.net;(290) 935-1166;Burhaniye;Non Massa PC;826838;dignissim magna a
Jared;luctus.lobortis@Integer.org;(450) 882-9685;Carstairs;Etiam Corp.;3738FM;tristique senectus et netus
Elton;In.nec@turpis.co.uk;(693) 234-9055;Saint Paul;Enim Nec Tempus Inc.;76054;fringilla, porttitor vulputate, posuere vulputate, lacus. Cras interdum. Nunc sollicitudin
Rama;malesuada.vel@Proin.com;(862) 111-0540;Batiscan;Magnis Dis Corp.;195025;nulla. Donec non justo. Proin non
Sage;consequat.purus.Maecenas@pharetrautpharetra.com;(253) 815-5338;Wood Buffalo;Consectetuer Adipiscing Ltd;92677;libero. Donec consectetuer mauris id sapien. Cras dolor
Joel;id.ante.Nunc@magnaSedeu.ca;(392) 229-4561;Castel Colonna;Egestas Rhoncus Proin LLC;89897;tellus. Nunc lectus pede, ultrices a, auctor
Barry;a@facilisis.org;(210) 336-6370;Tejar;Egestas Duis LLP;45113;congue a, aliquet vel, vulputate
Imani;gravida.mauris.ut@acurnaUt.org;(715) 811-4043;Polesella;Velit Pellentesque Ultricies Foundation;3812;sed dictum eleifend, nunc risus varius
Athena;cursus.non.egestas@Aliquamtinciduntnunc.ca;(116) 674-5072;Leers-et-Fosteau;Felis Nulla Associates;7632;Maecenas libero est, congue a, aliquet vel,
Shafira;orci.lacus.vestibulum@montes.net;(973) 962-7732;Saharanpur;Molestie Pharetra LLP;06493;elementum sem, vitae aliquam eros turpis
Neil;massa@liberoat.org;(949) 210-6665;Belo Horizonte;Vivamus Nibh Company;57780;arcu. Vestibulum
Dacey;sit.amet@pharetranibhAliquam.net;(397) 241-3090;Sommethonne;Ligula Aliquam Erat Corp.;551619;orci. Ut sagittis lobortis mauris. Suspendisse aliquet molestie
Leonard;diam.Sed.diam@leoelementumsem.org;(910) 109-5621;Enines;Ac Ltd;70010;metus eu erat
Xenos;ornare.lectus@bibendumsed.net;(831) 602-6679;Lac-Serent;Nullam Consulting;1420;fringilla est. Mauris eu turpis. Nulla aliquet.
Allen;convallis.erat.eget@amet.org;(606) 688-3931;Mödling;Pellentesque Incorporated;982124;Suspendisse aliquet molestie tellus. Aenean egestas hendrerit
Christian;nibh.Aliquam@molestiesodalesMauris.co.uk;(669) 950-3963;Tavier;Nulla Consulting;ZD2 9LP;eros nec tellus.
Odette;neque.Nullam.ut@anteiaculisnec.org;(150) 727-3146;Vienna;Sit Amet Corp.;50357;consequat dolor vitae dolor. Donec fringilla. Donec feugiat
Keely;lorem@Nullam.co.uk;(477) 465-0351;Ekeren;Quis Turpis Vitae Company;10108;consequat nec, mollis vitae, posuere
Chandler;libero@eueleifend.com;(578) 691-1127;Biggleswade;Felis Foundation;29443;Nulla aliquet. Proin velit. Sed malesuada augue ut lacus. Nulla
Katelyn;Curabitur@vulputate.ca;(201) 398-3108;GŽrouville;Et Netus Corp.;4453;ante. Maecenas mi felis, adipiscing fringilla, porttitor
Tasha;et@estcongue.edu;(570) 676-1883;Rouen;Nec Ante Associates;26434;nulla at sem molestie sodales. Mauris blandit enim
MacKenzie;dolor.Fusce@Nunclectuspede.edu;(994) 312-3503;Burlington;Lobortis PC;30214;urna suscipit nonummy. Fusce fermentum fermentum arcu. Vestibulum
Orli;libero@enimNunc.org;(947) 873-8604;Picinisco;Dis Parturient Montes LLC;X5A 8T6;Donec
Raphael;mauris.ut.mi@Morbiaccumsanlaoreet.co.uk;(131) 352-4339;Aurora;Hendrerit Id Corporation;05069-805;lobortis quis, pede. Suspendisse
Amity;tellus.sem@sempertellusid.co.uk;(794) 862-5142;Beerzel;Risus Donec Egestas Consulting;141347;luctus vulputate, nisi sem semper erat, in consectetuer
Ulric;sociis.natoque@Integereu.ca;(898) 133-9206;Daman;Arcu Morbi Sit Incorporated;7698NW;tortor,
September;diam.eu.dolor@necurna.co.uk;(684) 416-1014;Ravels;Facilisis Lorem Tristique PC;72405;augue eu tellus. Phasellus elit pede, malesuada vel,
Hiroko;urna@magnisdisparturient.org;(678) 779-7105;Abbotsford;Dictum Proin Eget Ltd;51513;Nunc quis arcu vel quam dignissim pharetra. Nam
Aurora;nec.orci.Donec@leo.co.uk;(630) 376-3765;Morro d'Alba;Metus Company;U3L 9JN;lacus pede sagittis
Buffy;eros@ProindolorNulla.net;(770) 425-2012;Greifswald;Faucibus Lectus A Limited;20979-713;ut lacus. Nulla tincidunt, neque
Cara;est@sollicitudincommodo.ca;(993) 972-3686;Dandenong;Lorem LLC;S2G 1C7;Cras eget nisi dictum augue
Clinton;eget.metus@consectetuermauris.ca;(676) 885-8900;Saavedra;Et Pede Nunc LLP;5453;sit amet diam
Slade;posuere.cubilia@Nullam.edu;(698) 645-3293;Rionero in Vulture;Malesuada Vel Incorporated;11009;montes, nascetur ridiculus mus. Aenean eget magna. Suspendisse tristique neque
Jaime;sit@semmagnanec.edu;(605) 753-3793;Capena;Magna Institute;29726;Integer
Lance;orci.Phasellus@liberoet.co.uk;(749) 696-8321;Kitzbühel;Sed Associates;52711;vulputate dui, nec tempus
Bree;nisi@est.org;(758) 514-5846;Blackwood;Sem Mollis Corporation;4646;Mauris magna. Duis dignissim tempor arcu.
Kylynn;pede.blandit.congue@nec.ca;(461) 654-0511;Bad Kreuznach;Suspendisse Sed Dolor Company;VZ99 7RT;blandit enim consequat purus. Maecenas libero est,
Genevieve;amet.massa@vulputateeuodio.co.uk;(321) 478-7428;San Pietro al Tanagro;Sit Amet Luctus Inc.;90-076;Aliquam
Daquan;ligula@Etiam.ca;(710) 699-0735;Bicinicco;Massa Suspendisse Eleifend Inc.;J7A 4C7;lorem tristique aliquet. Phasellus fermentum convallis ligula. Donec
Quintessa;nulla.at.sem@maurisipsum.ca;(513) 335-4009;Portree;Aliquet Proin Velit Industries;6731;Aliquam fringilla cursus purus. Nullam scelerisque
Lance;Fusce@elitpharetraut.edu;(664) 150-5939;TrognŽe;Tortor Dictum Eu Limited;41580-136;massa. Vestibulum accumsan neque et nunc.
Matthew;vehicula.et@consequatnecmollis.ca;(916) 278-0481;Elgin;Ante Bibendum Ullamcorper Ltd;4415;parturient montes, nascetur ridiculus mus. Aenean eget magna. Suspendisse tristique
Rooney;fermentum@maurisInteger.org;(404) 243-0582;San Sebastiano al Vesuvio;A Magna Lorem Industries;54999;vulputate, posuere vulputate, lacus. Cras interdum. Nunc sollicitudin commodo ipsum.
Nayda;mollis.Integer@ultricesmaurisipsum.ca;(133) 400-1995;Tulsa;Adipiscing Non Luctus PC;3918;in sodales elit erat vitae
Athena;Nunc.mauris@idrisusquis.co.uk;(754) 637-5802;Las Condes;Parturient Montes Associates;23-663;mi, ac mattis velit
Tobias;ante@pellentesque.edu;(959) 717-7676;Lübeck;Libero Est Congue Consulting;7934;rutrum magna.
Iola;sed.pede@luctusfelis.edu;(129) 528-8124;Millet;Lorem PC;12796;vestibulum nec, euismod in, dolor. Fusce feugiat.
Thomas;fringilla@arcuet.edu;(292) 847-0018;Glovertown;Cras Industries;62-546;pede. Nunc sed orci
Jael;dapibus@Donec.edu;(447) 181-5011;Alvito;Duis Cursus Limited;76315;eget
Leo;augue@dolorvitaedolor.com;(489) 959-1559;Sainte-Flavie;Class Aptent Company;881547;sociis natoque penatibus et magnis dis parturient montes, nascetur ridiculus
Miriam;Duis.sit@Suspendissealiquetmolestie.ca;(192) 534-8768;Anglet;Donec Limited;37978;est. Mauris eu turpis. Nulla aliquet. Proin
Giacomo;Curabitur.sed@elitpellentesque.co.uk;(939) 180-6066;Labico;Ultrices Corporation;98721;Vivamus
Zahir;quis@est.edu;(822) 851-1991;Bala;Orci Ut Ltd;5657HU;interdum. Curabitur dictum. Phasellus
Buckminster;vehicula.risus.Nulla@consectetueradipiscingelit.org;(577) 892-5219;Neuville-en-Condroz;Mi Enim Condimentum Consulting;469933;lectus pede, ultrices a, auctor non, feugiat nec,
Cheyenne;volutpat@Cum.net;(261) 433-1464;Boston;Vitae Corporation;07349;nec, leo. Morbi neque tellus, imperdiet non,
Chastity;dolor@purusin.net;(871) 939-2558;San Francisco;Eu Euismod Ac LLP;V4B 4VG;aliquet lobortis, nisi nibh lacinia orci, consectetuer euismod
Joseph;ipsum.primis@ornarelectus.net;(508) 723-5136;Pocatello;Diam Inc.;61919;et netus et malesuada
Yvette;rutrum.justo.Praesent@lobortistellusjusto.ca;(244) 264-2717;Morrinsville;Consectetuer Rhoncus Inc.;85776;nostra, per inceptos hymenaeos. Mauris ut quam vel sapien
Charity;justo@vitaeerat.org;(172) 997-8348;Callander;Molestie Dapibus Ligula LLP;41511-913;ac,
Alexandra;non.magna@orci.edu;(421) 974-3720;Lethbridge;Metus In Nec Inc.;34977;enim. Suspendisse aliquet, sem ut cursus luctus, ipsum leo elementum